                  epoch,         train/box_loss,         train/cls_loss,         train/dfl_loss,   metrics/precision(B),      metrics/recall(B),       metrics/mAP50(B),    metrics/mAP50-95(B),           val/box_loss,           val/cls_loss,           val/dfl_loss,                 lr/pg0,                 lr/pg1,                 lr/pg2
                      1,                  3.073,                 4.6855,                 4.1235,                 0.4385,                0.18813,                0.01828,                0.00312,                 3.1335,                 5.6705,                 3.9071,              0.0001842,              0.0001842,              0.0001842
                      2,                 2.8238,                 4.3026,                 3.6535,                0.11985,                0.16838,                0.03241,                0.01192,                 2.7378,                 3.8733,                 3.4333,             0.00029637,             0.00029637,             0.00029637
                      3,                 2.1359,                 3.7411,                 2.9428,                0.00279,                0.82084,                0.00426,                0.00166,                 1.7439,                 5.7996,                 2.7377,             0.00033514,             0.00033514,             0.00033514
                      4,                 1.6699,                 3.1076,                 2.4055,                0.05388,                 0.1089,                0.05028,                0.03567,                 1.2779,                 3.6856,                 2.3873,             0.00022574,             0.00022574,             0.00022574
                      5,                 1.3602,                 2.8221,                 2.1213,                0.05874,                0.22269,                0.06898,                0.04489,                 1.3246,                 3.5894,                 2.3727,             0.00011565,             0.00011565,             0.00011565
